names,importances,experiment_id,CO_MES,var_target
"('04~mes', '-13:-59', 'mm')",0.024078712186976915,75245ad7-2536-4364-b5f8-e1fbedcf2a41,03~mes,kt
"('09~mes', '27~prdt', '092~geo2', '999~geo3', 'kt')",0.02164755789587617,75245ad7-2536-4364-b5f8-e1fbedcf2a41,03~mes,kt
"('04~mes', '-12:-38', 'mm')",0.019502836592283624,75245ad7-2536-4364-b5f8-e1fbedcf2a41,03~mes,kt
"('08~mes', '47~prdt', '092~geo2', '999~geo3', 'kt')",0.01841353692733332,75245ad7-2536-4364-b5f8-e1fbedcf2a41,03~mes,kt
"('07~mes', 'MOP_spot')",0.016706428513687772,75245ad7-2536-4364-b5f8-e1fbedcf2a41,03~mes,kt
ANO,0.0,75245ad7-2536-4364-b5f8-e1fbedcf2a41,03~mes,oc
ANO,0.0,fa689c3a-a2f8-442f-b54c-49d37142ce64,09~mes,kt
ANO,0.0,fa689c3a-a2f8-442f-b54c-49d37142ce64,09~mes,oc
