names,importances,experiment_id,CO_MES,var_target
"('07~mes', '31~prdt', '081~geo2', '999~geo3', 'kt')",0.03060246918301392,16c3d7f9-0823-4ae0-9590-d21052886edb,03~mes,kt
"('06~mes', '47~prdt', '091~geo2', '999~geo3', 'kt')",0.020833490018085783,16c3d7f9-0823-4ae0-9590-d21052886edb,03~mes,kt
"('04~mes', '23~prdt', '101~geo2', '999~geo3', 'kt')",0.01961330395184632,16c3d7f9-0823-4ae0-9590-d21052886edb,03~mes,kt
"('10~mes', '10~prdt', '032~geo2', '998~geo3', 'kt')",0.01834206092108534,16c3d7f9-0823-4ae0-9590-d21052886edb,03~mes,kt
"('03~mes', '-18:-46', 'mm')",0.0176792599011194,16c3d7f9-0823-4ae0-9590-d21052886edb,03~mes,kt
ANO,0.0,16c3d7f9-0823-4ae0-9590-d21052886edb,03~mes,oc
ANO,0.0,8d691718-cafe-4c4b-9700-81fff2662b3a,09~mes,kt
ANO,0.0,8d691718-cafe-4c4b-9700-81fff2662b3a,09~mes,oc
