names,importances,experiment_id,CO_MES,var_target
ANO,0.02904084396386164,70dc0425-8199-4f90-a820-11c296bef40c,03~mes,kt
"('10~mes', '31~prdt', '101~geo2', '998~geo3', 'kt')",0.028503363479086094,70dc0425-8199-4f90-a820-11c296bef40c,03~mes,kt
"('05~mes', '38~prdt', '091~geo2', '999~geo3', 'kt')",0.026713840842473982,70dc0425-8199-4f90-a820-11c296bef40c,03~mes,kt
"('08~mes', '38~prdt', '081~geo2', '999~geo3', 'kt')",0.02645408147501414,70dc0425-8199-4f90-a820-11c296bef40c,03~mes,kt
"('03~mes', '-19:-47', 'mm')",0.024347389050482626,70dc0425-8199-4f90-a820-11c296bef40c,03~mes,kt
ANO,0.0,70dc0425-8199-4f90-a820-11c296bef40c,03~mes,oc
ANO,0.0,c5c84022-dbc2-45ab-83a9-12d409919c0f,09~mes,kt
ANO,0.0,c5c84022-dbc2-45ab-83a9-12d409919c0f,09~mes,oc
