names,importances,experiment_id,CO_MES,var_target
"('12~mes', '27~prdt', '041~geo2', '999~geo3', 'kt')",0.047780850379147644,c26c3e6b-0e50-4b16-8051-55352455ade7,03~mes,kt
"('03~mes', '-13:-59', 'mm')",0.043421514817830104,c26c3e6b-0e50-4b16-8051-55352455ade7,03~mes,kt
"('12~mes', '-4:-48', 'mm')",0.03882901932102066,c26c3e6b-0e50-4b16-8051-55352455ade7,03~mes,kt
ANO,0.03298188342566417,c26c3e6b-0e50-4b16-8051-55352455ade7,03~mes,kt
"('09~mes', '52~prdt', '091~geo2', '999~geo3', 'kt')",0.028090453944626444,c26c3e6b-0e50-4b16-8051-55352455ade7,03~mes,kt
ANO,0.0,c26c3e6b-0e50-4b16-8051-55352455ade7,03~mes,oc
ANO,0.0,579b8fda-76b5-4f56-9246-058f4c6e8613,09~mes,kt
ANO,0.0,579b8fda-76b5-4f56-9246-058f4c6e8613,09~mes,oc
