names,importances,experiment_id,CO_MES,var_target
"('03~mes', '-20:-44', 'mm')",0.03365885358026168,2b754837-f071-4698-9c90-bfd9bef90575,03~mes,kt
"('08~mes', '47~prdt', '092~geo2', '999~geo3', 'kt')",0.024089033155831444,2b754837-f071-4698-9c90-bfd9bef90575,03~mes,kt
"('11~mes', '27~prdt', '031~geo2', '999~geo3', 'kt')",0.022748549500936327,2b754837-f071-4698-9c90-bfd9bef90575,03~mes,kt
ANO,0.02049266287553861,2b754837-f071-4698-9c90-bfd9bef90575,03~mes,kt
"('01~mes', '47~prdt', '031~geo2', '999~geo3', 'kt')",0.01997369643262978,2b754837-f071-4698-9c90-bfd9bef90575,03~mes,kt
ANO,0.0,2b754837-f071-4698-9c90-bfd9bef90575,03~mes,oc
ANO,0.0,c976bdbb-f903-489c-929e-a0daeca97dd3,09~mes,kt
ANO,0.0,c976bdbb-f903-489c-929e-a0daeca97dd3,09~mes,oc
