names,importances,experiment_id,CO_MES,var_target
"('10~mes', '27~prdt', '031~geo2', '999~geo3', 'kt')",0.02848778923094105,6205d234-767c-4b72-84fd-e88d1261cd8b,03~mes,kt
"('04~mes', '12~prdt', '031~geo2', '999~geo3', 'preço_rel')",0.02404490144700209,6205d234-767c-4b72-84fd-e88d1261cd8b,03~mes,kt
"('09~mes', '31~prdt', '021~geo2', '999~geo3', 'kt')",0.02254822073795516,6205d234-767c-4b72-84fd-e88d1261cd8b,03~mes,kt
"('12~mes', 'corretor_spot')",0.02018855711589957,6205d234-767c-4b72-84fd-e88d1261cd8b,03~mes,kt
"('03~mes', '09~prdt', '081~geo2', '999~geo3', 'kt')",0.01915147652836997,6205d234-767c-4b72-84fd-e88d1261cd8b,03~mes,kt
ANO,0.0,6205d234-767c-4b72-84fd-e88d1261cd8b,03~mes,oc
ANO,0.0,c4268f91-2fd6-4e2d-91c4-1d298c2190d4,09~mes,kt
ANO,0.0,c4268f91-2fd6-4e2d-91c4-1d298c2190d4,09~mes,oc
