names,importances,experiment_id,CO_MES,var_target
"('10~mes', '31~prdt', '101~geo2', '998~geo3', 'kt')",0.026557530389518403,57d6416a-af2f-47d2-9d92-8f4cad78e546,03~mes,kt
"('02~mes', '27~prdt', '031~geo2', '999~geo3', 'kt')",0.02446140830417771,57d6416a-af2f-47d2-9d92-8f4cad78e546,03~mes,kt
"('10~mes', '47~prdt', '101~geo2', '999~geo3', 'kt')",0.02248351815259711,57d6416a-af2f-47d2-9d92-8f4cad78e546,03~mes,kt
"('11~mes', '09~prdt', '072~geo2', '999~geo3', 'kt')",0.02243534543016238,57d6416a-af2f-47d2-9d92-8f4cad78e546,03~mes,kt
"('05~mes', '47~prdt', '091~geo2', '999~geo3', 'kt')",0.021646300399830752,57d6416a-af2f-47d2-9d92-8f4cad78e546,03~mes,kt
ANO,0.0,57d6416a-af2f-47d2-9d92-8f4cad78e546,03~mes,oc
ANO,0.0,be970829-426b-4d81-805d-737ab36e770a,09~mes,kt
ANO,0.0,be970829-426b-4d81-805d-737ab36e770a,09~mes,oc
