ANO,CO_MES,CO_PRDT,CO_GEO2,CO_GEO3,kt_true,kt_test,kt_test_lr,experiment_id,oc_true,oc_test,oc_proba
39,03,31,081,999,248.688720703125,392.57401538231255,474.5028249104819,c807c97b-a022-4a57-95be-49d42bf7ac36,1.0,1.0,1.0
39,09,31,081,999,1007.3642578125,406.5903904326062,1014.3772867838547,c807c97b-a022-4a57-95be-49d42bf7ac36,1.0,1.0,1.0
40,03,31,081,999,165.0325927734375,321.44458539635787,445.11065928141295,c807c97b-a022-4a57-95be-49d42bf7ac36,1.0,1.0,1.0
40,09,31,081,999,874.9341430664062,436.4367003504436,1153.2728057861327,c807c97b-a022-4a57-95be-49d42bf7ac36,1.0,1.0,1.0
41,03,31,081,999,,323.53253035154796,360.0735758463543,c807c97b-a022-4a57-95be-49d42bf7ac36,,1.0,1.0
41,09,31,081,999,,441.0500032287597,1139.6031555175778,c807c97b-a022-4a57-95be-49d42bf7ac36,,1.0,1.0
