ANO,CO_MES,CO_PRDT,CO_GEO2,CO_GEO3,kt_true,kt_test,kt_test_lr,experiment_id,oc_true,oc_test,oc_proba
39,03,31,081,999,248.688720703125,294.5703713417053,474.5028249104819,c976bdbb-f903-489c-929e-a0daeca97dd3,1.0,1.0,1.0
39,09,31,081,999,1007.3642578125,414.42846996141503,1014.3772867838547,c976bdbb-f903-489c-929e-a0daeca97dd3,1.0,1.0,1.0
40,03,31,081,999,165.0325927734375,289.9593878867436,445.11065928141295,c976bdbb-f903-489c-929e-a0daeca97dd3,1.0,1.0,1.0
40,09,31,081,999,874.9341430664062,412.3549117469788,1153.2728057861327,c976bdbb-f903-489c-929e-a0daeca97dd3,1.0,1.0,1.0
41,03,31,081,999,,333.8521042828334,360.0735758463543,c976bdbb-f903-489c-929e-a0daeca97dd3,,1.0,1.0
41,09,31,081,999,,448.114379248047,1139.6031555175778,c976bdbb-f903-489c-929e-a0daeca97dd3,,1.0,1.0
