ANO,CO_MES,CO_PRDT,CO_GEO2,CO_GEO3,kt_true,kt_test,kt_test_lr,experiment_id,oc_true,oc_test,oc_proba
39,03,31,081,999,248.688720703125,352.23053591056924,474.5028249104819,8d691718-cafe-4c4b-9700-81fff2662b3a,1.0,1.0,1.0
39,09,31,081,999,1007.3642578125,393.2670297174867,1014.3772867838547,8d691718-cafe-4c4b-9700-81fff2662b3a,1.0,1.0,1.0
40,03,31,081,999,165.0325927734375,276.93996988980734,445.11065928141295,8d691718-cafe-4c4b-9700-81fff2662b3a,1.0,1.0,1.0
40,09,31,081,999,874.9341430664062,427.51247190475465,1153.2728057861327,8d691718-cafe-4c4b-9700-81fff2662b3a,1.0,1.0,1.0
41,03,31,081,999,,333.63464847655524,360.0735758463543,8d691718-cafe-4c4b-9700-81fff2662b3a,,1.0,1.0
41,09,31,081,999,,444.6544094787597,1139.6031555175778,8d691718-cafe-4c4b-9700-81fff2662b3a,,1.0,1.0
