ANO,CO_MES,CO_PRDT,CO_GEO2,CO_GEO3,kt_true,kt_test,kt_test_lr,experiment_id,oc_true,oc_test,oc_proba
39,03,31,081,999,248.688720703125,287.9368584437873,474.5028249104819,da31d3e9-0296-4683-a53f-ba485c3be79f,1.0,1.0,1.0
39,09,31,081,999,1007.3642578125,405.1300260659923,1014.3772867838547,da31d3e9-0296-4683-a53f-ba485c3be79f,1.0,1.0,1.0
40,03,31,081,999,165.0325927734375,291.56377059343123,445.11065928141295,da31d3e9-0296-4683-a53f-ba485c3be79f,1.0,1.0,1.0
40,09,31,081,999,874.9341430664062,427.1138846588135,1153.2728057861327,da31d3e9-0296-4683-a53f-ba485c3be79f,1.0,1.0,1.0
41,03,31,081,999,,308.30736901328686,360.0735758463543,da31d3e9-0296-4683-a53f-ba485c3be79f,,1.0,1.0
41,09,31,081,999,,450.55229570312514,1139.6031555175778,da31d3e9-0296-4683-a53f-ba485c3be79f,,1.0,1.0
