ANO,CO_MES,CO_PRDT,CO_GEO2,CO_GEO3,kt_true,kt_test,kt_test_lr,experiment_id,oc_true,oc_test,oc_proba
39,03,31,081,999,248.688720703125,313.38950593615334,474.5028249104819,a10d3def-120a-440c-942a-53787037af35,1.0,1.0,1.0
39,09,31,081,999,1007.3642578125,408.0471665025795,1014.3772867838547,a10d3def-120a-440c-942a-53787037af35,1.0,1.0,1.0
40,03,31,081,999,165.0325927734375,308.36517443054436,445.11065928141295,a10d3def-120a-440c-942a-53787037af35,1.0,1.0,1.0
40,09,31,081,999,874.9341430664062,424.8483476320904,1153.2728057861327,a10d3def-120a-440c-942a-53787037af35,1.0,1.0,1.0
41,03,31,081,999,,280.3516025898041,360.0735758463543,a10d3def-120a-440c-942a-53787037af35,,1.0,1.0
41,09,31,081,999,,450.9776630920411,1139.6031555175778,a10d3def-120a-440c-942a-53787037af35,,1.0,1.0
