ANO,CO_MES,CO_PRDT,CO_GEO2,CO_GEO3,kt_true,kt_test,kt_test_lr,experiment_id,oc_true,oc_test,oc_proba
39,03,31,081,999,248.688720703125,369.90555967615524,474.5028249104819,10c0c3ad-ad0c-4281-850c-71197116e011,1.0,1.0,1.0
39,09,31,081,999,1007.3642578125,401.8274426800271,1014.3772867838547,10c0c3ad-ad0c-4281-850c-71197116e011,1.0,1.0,1.0
40,03,31,081,999,165.0325927734375,291.6619066009521,445.11065928141295,10c0c3ad-ad0c-4281-850c-71197116e011,1.0,1.0,1.0
40,09,31,081,999,874.9341430664062,418.19878203709914,1153.2728057861327,10c0c3ad-ad0c-4281-850c-71197116e011,1.0,1.0,1.0
41,03,31,081,999,,365.6105350372347,360.0735758463543,10c0c3ad-ad0c-4281-850c-71197116e011,,1.0,1.0
41,09,31,081,999,,447.8638560668946,1139.6031555175778,10c0c3ad-ad0c-4281-850c-71197116e011,,1.0,1.0
