ANO,CO_MES,CO_PRDT,CO_GEO2,CO_GEO3,kt_true,kt_test,kt_test_lr,experiment_id,oc_true,oc_test,oc_proba
39,03,31,081,999,248.688720703125,349.8051399370225,474.5028249104819,588412d7-fb8d-4b1a-bbdf-2d252784a1fc,1.0,1.0,1.0
39,09,31,081,999,1007.3642578125,403.34542796922767,1014.3772867838547,588412d7-fb8d-4b1a-bbdf-2d252784a1fc,1.0,1.0,1.0
40,03,31,081,999,165.0325927734375,295.8737724482218,445.11065928141295,588412d7-fb8d-4b1a-bbdf-2d252784a1fc,1.0,1.0,1.0
40,09,31,081,999,874.9341430664062,425.0187995656332,1153.2728057861327,588412d7-fb8d-4b1a-bbdf-2d252784a1fc,1.0,1.0,1.0
41,03,31,081,999,,333.9179861145019,360.0735758463543,588412d7-fb8d-4b1a-bbdf-2d252784a1fc,,1.0,1.0
41,09,31,081,999,,447.87259672851525,1139.6031555175778,588412d7-fb8d-4b1a-bbdf-2d252784a1fc,,1.0,1.0
