ANO,CO_MES,CO_PRDT,CO_GEO2,CO_GEO3,kt_true,kt_test,kt_test_lr,experiment_id,oc_true,oc_test,oc_proba
39,03,31,081,999,248.688720703125,347.67419576390586,474.5028249104819,c5c84022-dbc2-45ab-83a9-12d409919c0f,1.0,1.0,1.0
39,09,31,081,999,1007.3642578125,402.14862491773516,1014.3772867838547,c5c84022-dbc2-45ab-83a9-12d409919c0f,1.0,1.0,1.0
40,03,31,081,999,165.0325927734375,350.0589822023069,445.11065928141295,c5c84022-dbc2-45ab-83a9-12d409919c0f,1.0,1.0,1.0
40,09,31,081,999,874.9341430664062,430.4155506833392,1153.2728057861327,c5c84022-dbc2-45ab-83a9-12d409919c0f,1.0,1.0,1.0
41,03,31,081,999,,272.29365792786126,360.0735758463543,c5c84022-dbc2-45ab-83a9-12d409919c0f,,1.0,1.0
41,09,31,081,999,,459.3639725708009,1139.6031555175778,c5c84022-dbc2-45ab-83a9-12d409919c0f,,1.0,1.0
