ANO,CO_MES,CO_PRDT,CO_GEO2,CO_GEO3,kt_true,kt_test,kt_test_lr,experiment_id,oc_true,oc_test,oc_proba
39,03,31,081,999,248.688720703125,343.98640060482336,474.5028249104819,bc32c3ff-f957-4441-ac03-25aa876753e5,1.0,1.0,1.0
39,09,31,081,999,1007.3642578125,402.5319568799889,1014.3772867838547,bc32c3ff-f957-4441-ac03-25aa876753e5,1.0,1.0,1.0
40,03,31,081,999,165.0325927734375,281.8240701633029,445.11065928141295,bc32c3ff-f957-4441-ac03-25aa876753e5,1.0,1.0,1.0
40,09,31,081,999,874.9341430664062,413.9155907122294,1153.2728057861327,bc32c3ff-f957-4441-ac03-25aa876753e5,1.0,1.0,1.0
41,03,31,081,999,,257.61911472054135,360.0735758463543,bc32c3ff-f957-4441-ac03-25aa876753e5,,1.0,1.0
41,09,31,081,999,,453.4714059875489,1139.6031555175778,bc32c3ff-f957-4441-ac03-25aa876753e5,,1.0,1.0
