ANO,CO_MES,CO_PRDT,CO_GEO2,CO_GEO3,kt_true,kt_test,kt_test_lr,experiment_id,oc_true,oc_test,oc_proba
39,03,31,081,999,248.688720703125,307.02887964048836,474.5028249104819,a67f4538-749d-4e09-b7c8-bdb06c625a62,1.0,1.0,1.0
39,09,31,081,999,1007.3642578125,395.55532393745756,1014.3772867838547,a67f4538-749d-4e09-b7c8-bdb06c625a62,1.0,1.0,1.0
40,03,31,081,999,165.0325927734375,263.2865372322325,445.11065928141295,a67f4538-749d-4e09-b7c8-bdb06c625a62,1.0,1.0,1.0
40,09,31,081,999,874.9341430664062,431.77392257054635,1153.2728057861327,a67f4538-749d-4e09-b7c8-bdb06c625a62,1.0,1.0,1.0
41,03,31,081,999,,253.43015230003783,360.0735758463543,a67f4538-749d-4e09-b7c8-bdb06c625a62,,1.0,1.0
41,09,31,081,999,,445.6942241394044,1139.6031555175778,a67f4538-749d-4e09-b7c8-bdb06c625a62,,1.0,1.0
