ANO,CO_MES,CO_PRDT,CO_GEO2,CO_GEO3,kt_true,kt_test,kt_test_lr,experiment_id,oc_true,oc_test,oc_proba
39,03,31,081,999,248.688720703125,323.97322809510007,474.5028249104819,fa689c3a-a2f8-442f-b54c-49d37142ce64,1.0,1.0,1.0
39,09,31,081,999,1007.3642578125,400.5417696811843,1014.3772867838547,fa689c3a-a2f8-442f-b54c-49d37142ce64,1.0,1.0,1.0
40,03,31,081,999,165.0325927734375,313.24153311805117,445.11065928141295,fa689c3a-a2f8-442f-b54c-49d37142ce64,1.0,1.0,1.0
40,09,31,081,999,874.9341430664062,418.66916698455805,1153.2728057861327,fa689c3a-a2f8-442f-b54c-49d37142ce64,1.0,1.0,1.0
41,03,31,081,999,,332.13015717206673,360.0735758463543,fa689c3a-a2f8-442f-b54c-49d37142ce64,,1.0,1.0
41,09,31,081,999,,424.34322263183583,1139.6031555175778,fa689c3a-a2f8-442f-b54c-49d37142ce64,,1.0,1.0
