max_depth,max_features,min_samples_split,min_samples_leaf,fit_time_sec,experiment_id
144,5,3,8,0.13221430778503418,57d6416a-af2f-47d2-9d92-8f4cad78e546
610,5,5,21,0.1333615779876709,be970829-426b-4d81-805d-737ab36e770a
