max_depth,max_features,min_samples_split,min_samples_leaf,fit_time_sec,experiment_id
144,5,3,8,0.14790582656860352,6205d234-767c-4b72-84fd-e88d1261cd8b
610,5,5,21,0.1794440746307373,c4268f91-2fd6-4e2d-91c4-1d298c2190d4
