max_depth,max_features,min_samples_split,min_samples_leaf,fit_time_sec,experiment_id
34,8,3,8,0.15888452529907227,c26c3e6b-0e50-4b16-8051-55352455ade7
8,55,3,8,0.12538528442382812,579b8fda-76b5-4f56-9246-058f4c6e8613
